category,id
Bottomwear,57137
Topwear,33954
Bottomwear,7178
Topwear,6196
Topwear,3045
Topwear,32643
Topwear,22777
Topwear,12116
Bottomwear,41346
Topwear,37761
Topwear,38978
Topwear,9597
Topwear,39784
Bottomwear,40160
Topwear,24840
Topwear,12799
Topwear,3479
Topwear,26297
Dress,10656
Dress,34167
Topwear,13733
Topwear,41606
Topwear,11566
Topwear,12043
Topwear,4356
Innerwear,30467
Bottomwear,24194
Topwear,12023
Dress,31167
Topwear,40060
Topwear,6504
Topwear,11572
Topwear,26269
Topwear,20224
Topwear,5763
Topwear,42662
Topwear,42564
Topwear,59359
Topwear,32656
Bottomwear,27605
Topwear,39840
Innerwear,51816
Topwear,26227
Topwear,43047
Bottomwear,32447
Topwear,27538
Topwear,16141
Innerwear,27507
Bottomwear,7497
Bottomwear,11295
Topwear,21902
Bottomwear,11354
Topwear,17573
Topwear,18259
Topwear,40938
Bottomwear,46903
Topwear,34112
Topwear,32578
Topwear,30139
Topwear,14132
Topwear,24267
Topwear,40955
Bottomwear,22585
Topwear,6241
Topwear,12130
Bottomwear,7553
Topwear,21890
Topwear,48063
Topwear,59421
Topwear,59360
Topwear,39798
Topwear,54904
Topwear,4038
Bottomwear,28512
Topwear,19081
Topwear,40579
Topwear,10342
Innerwear,59085
Topwear,43253
Topwear,24886
Topwear,19056
Topwear,11448
Innerwear,28020
Topwear,30915
Topwear,11563
Topwear,23226
Topwear,2606
Bottomwear,51588
Innerwear,53484
Topwear,2044
Topwear,23321
Topwear,36719
Innerwear,10716
Innerwear,52486
Topwear,52143
Topwear,13428
Topwear,29548
Topwear,12054
Topwear,24159
Topwear,12918
Topwear,42210
Topwear,29837
Topwear,17262
Topwear,9260
Topwear,4059
Topwear,11147
Topwear,29057
Topwear,2048
Bottomwear,16611
Topwear,34357
Topwear,58670
Topwear,16230
Innerwear,19113
Topwear,2856
Topwear,39730
Topwear,17264
Topwear,22044
Innerwear,28895
Topwear,2045
Bottomwear,50018
Topwear,30797
Topwear,13227
Topwear,54564
Topwear,12376
Topwear,6529
Bottomwear,27379
Topwear,57832
Topwear,7146
Topwear,3047
Topwear,31294
Topwear,12241
Topwear,4035
Topwear,10461
Topwear,14323
Topwear,13336
Topwear,13418
Topwear,26477
Topwear,16548
Topwear,4032
Topwear,22399
Topwear,6886
Topwear,34213
Bottomwear,40281
Innerwear,57351
Topwear,34323
Innerwear,28888
Topwear,30320
Topwear,30292
Topwear,6780
Topwear,7796
Topwear,9450
Topwear,12358
Topwear,18719
Topwear,30748
Bottomwear,12044
Topwear,6079
Bottomwear,29172
Topwear,42123
Bottomwear,26822
Topwear,4290
Topwear,28910
Topwear,3067
Innerwear,52488
Topwear,11772
Topwear,53126
Topwear,22225
Topwear,36830
Topwear,37527
Topwear,31576
Topwear,34479
Topwear,5099
Topwear,26093
Bottomwear,15117
Topwear,6547
Topwear,10685
Topwear,6247
Topwear,59454
Topwear,2607
Topwear,12229
Topwear,6244
Topwear,9534
Topwear,34904
Topwear,42198
Topwear,19158
Topwear,22207
Topwear,4189
Topwear,3599
Innerwear,17859
Bottomwear,20351
Topwear,12134
Topwear,34378
Topwear,2837
Bottomwear,41317
Topwear,9643
Innerwear,50436
Topwear,50338
Topwear,32502
Topwear,43960
Bottomwear,41696
Topwear,26712
Topwear,30309
Innerwear,59696
Topwear,5945
Topwear,29282
Topwear,41386
Topwear,15162
Topwear,10579
Bottomwear,58212
Topwear,1891
Topwear,34096
Topwear,15034
Topwear,16358
Innerwear,51042
Topwear,15096
Topwear,47005
Topwear,44648
Bottomwear,30925
Topwear,24553
Topwear,53838
Topwear,38480
Topwear,15601
Topwear,37784
Topwear,49939
Topwear,19571
Topwear,9985
Bottomwear,15676
Bottomwear,44585
Topwear,25851
Topwear,8595
Topwear,44800
Topwear,28722
Topwear,57448
Topwear,44649
Dress,18175
Topwear,31174
Innerwear,50966
Topwear,19627
Topwear,37811
Topwear,36240
Topwear,30626
Topwear,8402
Topwear,46259
Topwear,45836
Topwear,2985
Dress,43694
Topwear,19745
Topwear,16325
Topwear,23194
Topwear,26124
Innerwear,49984
Topwear,22761
Topwear,38286
Topwear,3687
Topwear,23032
Topwear,56806
Topwear,8778
Topwear,22751
Topwear,14702
Topwear,3952
Topwear,20171
Topwear,26470
Topwear,2167
Topwear,48259
Topwear,53783
Innerwear,25381
Bottomwear,7133
Dress,37931
Bottomwear,12673
Innerwear,50459
Topwear,8812
Topwear,41787
Topwear,14679
Bottomwear,44288
Topwear,4817
Topwear,34092
Topwear,10432
Topwear,21465
Topwear,51437
Topwear,52074
Topwear,8722
Topwear,46999
Topwear,36184
Topwear,5849
Topwear,3760
Topwear,35261
Innerwear,15779
Topwear,2051
Topwear,3351
Topwear,12802
Bottomwear,40931
Topwear,9954
Topwear,48239
Topwear,42520
Topwear,27663
Topwear,20254
Topwear,20153
Topwear,1563
Bottomwear,38562
Topwear,3276
Innerwear,27400
Topwear,46741
Topwear,11471
Topwear,15996
Topwear,3527
Innerwear,57409
Topwear,36727
Topwear,19814
Topwear,4378
Topwear,33941
Topwear,9418
Topwear,31099
Topwear,19616
Topwear,19643
Topwear,37940
Innerwear,53631
Dress,35432
Topwear,16316
Bottomwear,31340
Bottomwear,38502
Topwear,3968
Topwear,47662
Innerwear,50476
Topwear,38610
Topwear,2312
Topwear,36315
Topwear,14956
Bottomwear,50385
Topwear,1886
Topwear,8810
Topwear,11416
Topwear,10689
Topwear,8399
Topwear,26797
Bottomwear,26811
Topwear,41973
Bottomwear,24992
Dress,43674
Topwear,45838
Topwear,50321
Topwear,30588
Innerwear,50463
Topwear,4811
Innerwear,15814
Topwear,16303
Topwear,23695
Topwear,53833
Topwear,16039
Topwear,18303
Innerwear,54618
Topwear,21402
Topwear,40990
Bottomwear,31337
Topwear,8411
Topwear,5812
Topwear,9239
Topwear,33968
Bottomwear,44917
Bottomwear,38933
Topwear,10031
Topwear,17561
Topwear,41411
Innerwear,37590
Topwear,52095
Topwear,31149
Innerwear,50989
Topwear,18846
Innerwear,50605
Topwear,6245
Topwear,24729
Topwear,15140
Topwear,36000
Topwear,27280
Topwear,10570
Dress,58506
Topwear,25919
Innerwear,51832
Bottomwear,26148
Topwear,10803
Bottomwear,33264
Topwear,4386
Topwear,14684
Topwear,45955
Topwear,5437
Topwear,41750
Topwear,17184
Bottomwear,7708
Topwear,19336
Topwear,13489
Topwear,30349
Topwear,13826
Topwear,4908
Topwear,53802
Topwear,31237
Innerwear,17885
Topwear,8862
Topwear,2120
Topwear,48431
Innerwear,50979
Bottomwear,16516
Topwear,9182
Topwear,15037
Topwear,29287
Topwear,14985
Topwear,19806
Topwear,18732
Topwear,17232
Bottomwear,51334
Topwear,8775
Bottomwear,52548
Bottomwear,8882
Topwear,3530
Topwear,53863
Topwear,15373
Socks,14876
Topwear,4805
Innerwear,27491
Topwear,13398
Topwear,2716
Topwear,7914
Topwear,9229
Topwear,1540
Topwear,9332
Topwear,15017
Topwear,8315
Topwear,23191
Topwear,15636
Topwear,7150
Topwear,4800
Topwear,8386
Topwear,50714
Topwear,32467
Topwear,30833
Dress,48477
Topwear,10355
Topwear,6939
Bottomwear,36841
Bottomwear,7935
Topwear,38605
Bottomwear,2195
Topwear,4943
Topwear,13406
Topwear,19711
Topwear,14760
Topwear,1759
Topwear,29665
Topwear,17281
Topwear,47026
Topwear,37717
Topwear,39002
Bottomwear,13112
Innerwear,47525
Topwear,33055
Topwear,6952
Dress,38842
Topwear,54599
Topwear,8799
Topwear,40992
Topwear,15634
Topwear,2090
Dress,48525
Topwear,8419
Innerwear,50623
Dress,47656
Topwear,14534
Innerwear,18679
Bottomwear,37559
Bottomwear,34205
