id,category
3954,Topwear
9452,Topwear
5092,Topwear
2243,Topwear
8741,Topwear
51835,Innerwear
7504,Topwear
40144,Topwear
40978,Topwear
19744,Topwear
39185,Topwear
6873,Dress
42428,Topwear
34235,Topwear
36750,Dress
27884,Topwear
19585,Topwear
4720,Topwear
17612,Topwear
19788,Topwear
7707,Bottomwear
13848,Topwear
31116,Bottomwear
44581,Bottomwear
52080,Topwear
14695,Bottomwear
42212,Topwear
15575,Topwear
42682,Topwear
35971,Topwear
54946,Topwear
6478,Topwear
28898,Innerwear
51430,Topwear
3764,Topwear
27649,Topwear
58576,Topwear
35982,Topwear
37279,Topwear
6229,Topwear
3931,Topwear
5451,Bottomwear
50978,Innerwear
12137,Topwear
50382,Topwear
53538,Innerwear
42678,Topwear
2687,Topwear
31180,Bottomwear
6485,Topwear
59698,Innerwear
32395,Topwear
15588,Topwear
19721,Topwear
11379,Topwear
22369,Bottomwear
58729,Topwear
20257,Topwear
31117,Topwear
13247,Bottomwear
8588,Topwear
42247,Topwear
24267,Topwear
3352,Topwear
30835,Topwear
8782,Topwear
54914,Topwear
39726,Topwear
25379,Topwear
1891,Topwear
7157,Topwear
5432,Topwear
13240,Topwear
14098,Topwear
51008,Innerwear
19773,Bottomwear
28034,Innerwear
2048,Topwear
51498,Bottomwear
33027,Topwear
36303,Topwear
30497,Innerwear
34037,Topwear
28468,Topwear
32106,Innerwear
53303,Topwear
3532,Topwear
20235,Topwear
43303,Dress
26136,Bottomwear
3754,Topwear
25778,Bottomwear
4318,Topwear
50383,Topwear
40575,Dress
26793,Topwear
27473,Innerwear
30292,Topwear
51603,Bottomwear
4918,Topwear
33283,Bottomwear
4540,Topwear
11785,Topwear
2485,Topwear
40118,Topwear
21913,Topwear
40924,Bottomwear
30861,Topwear
4927,Topwear
39786,Topwear
7752,Topwear
50722,Dress
25543,Topwear
20031,Topwear
15779,Innerwear
23029,Topwear
30866,Topwear
21128,Topwear
59372,Topwear
23967,Topwear
24984,Topwear
5974,Topwear
28123,Innerwear
4051,Topwear
40260,Topwear
13153,Topwear
16419,Topwear
53489,Innerwear
33934,Topwear
18577,Topwear
6168,Topwear
30746,Topwear
6996,Topwear
17509,Topwear
53813,Topwear
22625,Topwear
23155,Topwear
45723,Topwear
27191,Topwear
17536,Topwear
10189,Topwear
12043,Topwear
46393,Topwear
30121,Topwear
42165,Topwear
30783,Topwear
52131,Dress
25037,Bottomwear
7642,Topwear
5115,Topwear
3686,Topwear
24912,Topwear
19606,Topwear
39457,Topwear
49972,Innerwear
56704,Topwear
4034,Topwear
30724,Topwear
11008,Topwear
28522,Bottomwear
6936,Topwear
29636,Topwear
58493,Topwear
27563,Topwear
7025,Topwear
35260,Topwear
37537,Socks
29290,Topwear
4459,Topwear
57089,Bottomwear
22640,Topwear
45779,Topwear
33993,Topwear
6990,Topwear
10188,Topwear
14528,Topwear
4059,Topwear
30749,Topwear
30923,Bottomwear
34322,Topwear
30782,Topwear
52130,Dress
33751,Topwear
50499,Innerwear
15099,Topwear
59719,Innerwear
6504,Topwear
59973,Dress
8832,Topwear
16411,Topwear
27356,Topwear
43045,Bottomwear
3082,Topwear
38343,Topwear
34922,Topwear
54202,Topwear
31453,Topwear
33304,Topwear
16043,Topwear
16615,Bottomwear
50038,Innerwear
28122,Innerwear
18571,Topwear
45946,Topwear
54695,Topwear
31454,Bottomwear
43080,Topwear
40605,Topwear
37757,Topwear
40261,Topwear
12074,Topwear
41313,Topwear
49942,Topwear
22017,Topwear
19058,Topwear
7447,Topwear
18942,Topwear
29050,Topwear
30941,Topwear
23304,Topwear
4800,Topwear
13768,Topwear
3210,Topwear
2938,Topwear
3479,Topwear
18170,Topwear
28523,Topwear
8401,Topwear
14749,Topwear
19600,Topwear
6791,Topwear
52164,Topwear
18980,Topwear
39831,Bottomwear
11693,Topwear
17564,Topwear
16019,Bottomwear
33950,Topwear
41307,Topwear
13112,Bottomwear
33171,Topwear
7453,Topwear
4222,Topwear
33185,Topwear
32433,Topwear
59750,Innerwear
10569,Topwear
11689,Topwear
19410,Topwear
22209,Topwear
21023,Topwear
6116,Topwear
5767,Topwear
9157,Topwear
9533,Topwear
13578,Topwear
41309,Topwear
3204,Topwear
17577,Bottomwear
42547,Topwear
48089,Topwear
34365,Topwear
5769,Topwear
6118,Topwear
44829,Topwear
26495,Topwear
31280,Topwear
6543,Topwear
32253,Topwear
54485,Innerwear
36237,Topwear
30550,Topwear
32207,Topwear
27148,Topwear
11618,Topwear
9938,Topwear
29648,Topwear
38950,Topwear
50022,Bottomwear
2978,Topwear
27514,Innerwear
6977,Topwear
15079,Topwear
17178,Topwear
28563,Topwear
3054,Topwear
37576,Socks
28758,Topwear
16057,Bottomwear
6941,Topwear
43636,Topwear
30330,Topwear
6979,Topwear
40275,Bottomwear
44874,Topwear
25843,Topwear
14738,Topwear
37916,Topwear
21873,Topwear
33179,Topwear
28703,Topwear
44219,Topwear
21645,Innerwear
2116,Bottomwear
57403,Innerwear
14764,Topwear
9532,Topwear
16206,Topwear
28509,Topwear
24566,Topwear
58213,Bottomwear
28732,Topwear
10568,Topwear
22461,Bottomwear
5766,Topwear
13928,Topwear
43664,Topwear
12200,Topwear
32435,Topwear
21446,Topwear
37523,Topwear
51503,Bottomwear
11449,Topwear
2749,Topwear
1563,Topwear
15210,Topwear
41134,Topwear
57435,Topwear
15620,Topwear
24167,Topwear
21627,Innerwear
4879,Topwear
19489,Innerwear
49769,Topwear
2977,Topwear
20168,Topwear
43630,Topwear
10503,Topwear
47056,Topwear
17726,Topwear
4419,Topwear
14737,Topwear
40621,Topwear
41999,Topwear
50478,Innerwear
8818,Topwear
21843,Topwear
1539,Topwear
48473,Dress
40070,Bottomwear
24535,Topwear
40626,Topwear
22060,Topwear
11070,Topwear
31221,Bottomwear
11619,Topwear
26921,Topwear
14014,Topwear
14642,Topwear
10818,Topwear
28884,Innerwear
9874,Topwear
18615,Topwear
54708,Topwear
16549,Topwear
19357,Innerwear
9619,Topwear
30616,Bottomwear
20014,Topwear
27003,Bottomwear
18849,Topwear
44900,Topwear
5815,Topwear
28042,Innerwear
10829,Topwear
6031,Topwear
4766,Topwear
6693,Topwear
48392,Bottomwear
35990,Dress
44309,Bottomwear
9425,Topwear
25765,Bottomwear
22772,Topwear
57177,Topwear
20025,Topwear
50194,Topwear
3544,Topwear
10644,Topwear
57183,Dress
23230,Topwear
12577,Topwear
16345,Topwear
13253,Topwear
57311,Innerwear
3346,Topwear
31593,Topwear
51476,Bottomwear
26716,Topwear
36319,Topwear
11399,Topwear
6861,Topwear
14085,Topwear
45627,Innerwear
13092,Topwear
36577,Topwear
4190,Topwear
15168,Topwear
28472,Topwear
40990,Topwear
38284,Topwear
16719,Topwear
27862,Topwear
36317,Topwear
37800,Topwear
11738,Topwear
44708,Topwear
33206,Topwear
34211,Topwear
35939,Bottomwear
47525,Innerwear
54556,Topwear
24874,Topwear
10448,Topwear
48367,Topwear
39760,Bottomwear
42662,Topwear
42808,Innerwear
19956,Topwear
10689,Topwear
24448,Innerwear
23209,Topwear
50502,Innerwear
10470,Topwear
36719,Topwear
6039,Topwear
52051,Topwear
36726,Topwear
27230,Bottomwear
3322,Topwear
29702,Topwear
54990,Dress
27208,Bottomwear
22745,Topwear
27005,Bottomwear
35998,Topwear
33253,Topwear
13466,Topwear
1614,Topwear
27297,Topwear
14287,Topwear
50331,Topwear
57114,Topwear
19795,Topwear
33238,Topwear
49647,Dress
19553,Topwear
12183,Topwear
6294,Topwear
15160,Topwear
26726,Topwear
28021,Innerwear
6099,Topwear
3947,Topwear
17862,Innerwear
30816,Bottomwear
36320,Topwear
14084,Topwear
39733,Topwear
33209,Dress
28017,Innerwear
31308,Topwear
51013,Innerwear
54561,Topwear
2605,Topwear
8790,Topwear
34689,Topwear
59073,Innerwear
50338,Topwear
11708,Topwear
14048,Topwear
31559,Bottomwear
40125,Bottomwear
42672,Topwear
59695,Innerwear
35981,Topwear
48383,Bottomwear
13229,Bottomwear
3932,Topwear
32962,Topwear
12105,Topwear
12337,Topwear
45662,Innerwear
54146,Topwear
48519,Topwear
18893,Topwear
42820,Innerwear
53738,Bottomwear
8185,Topwear
43308,Topwear
44911,Topwear
58740,Topwear
5804,Topwear
39128,Bottomwear
57365,Innerwear
19379,Bottomwear
34253,Bottomwear
15786,Innerwear
29371,Topwear
9637,Topwear
7553,Bottomwear
2677,Topwear
28861,Topwear
27227,Dress
2683,Topwear
21927,Topwear
12339,Topwear
18491,Topwear
28452,Bottomwear
32593,Topwear
31316,Topwear
57336,Innerwear
23627,Topwear
6277,Topwear
54311,Innerwear
1856,Topwear
28693,Topwear
24061,Topwear
16391,Bottomwear
43503,Topwear
20263,Topwear
15179,Topwear
7509,Topwear
51004,Innerwear
20093,Topwear
45094,Innerwear
28464,Bottomwear
40388,Topwear
19575,Topwear
17629,Topwear
11727,Topwear
6241,Topwear
45652,Innerwear
41696,Bottomwear
36730,Topwear
7552,Topwear
40582,Topwear
4581,Topwear
7935,Bottomwear
19340,Topwear
5666,Topwear
15773,Innerwear
28858,Topwear
34056,Bottomwear
56274,Innerwear
17476,Innerwear
14697,Bottomwear
4312,Topwear
5805,Topwear
58741,Topwear
12799,Topwear
44910,Topwear
52049,Topwear
57399,Innerwear
41002,Bottomwear
4785,Bottomwear
30608,Bottomwear
54943,Topwear
15789,Innerwear
7769,Topwear
8781,Topwear
59096,Innerwear
47503,Topwear
45630,Innerwear
37210,Topwear
13049,Topwear
39722,Topwear
39180,Topwear
19587,Topwear
2045,Topwear
11345,Topwear
59892,Topwear
3351,Topwear
4189,Topwear
30807,Topwear
41890,Bottomwear
9662,Topwear
7959,Topwear
34034,Topwear
11387,Topwear
26991,Bottomwear
5860,Topwear
28453,Bottomwear
7539,Topwear
40146,Bottomwear
8916,Topwear
31057,Bottomwear
30727,Topwear
31291,Topwear
2139,Topwear
46906,Bottomwear
29635,Topwear
32621,Bottomwear
13790,Topwear
32245,Topwear
19098,Topwear
14541,Topwear
25034,Bottomwear
34710,Topwear
3685,Topwear
38572,Bottomwear
19605,Topwear
16229,Topwear
44663,Bottomwear
30943,Topwear
15836,Topwear
19091,Topwear
4805,Topwear
8432,Topwear
58667,Topwear
8056,Topwear
5543,Topwear
27938,Bottomwear
44690,Topwear
21451,Topwear
27907,Bottomwear
44831,Topwear
48250,Topwear
25698,Topwear
17158,Topwear
13157,Topwear
24345,Topwear
21405,Topwear
53819,Topwear
38948,Topwear
19693,Topwear
44896,Topwear
28544,Bottomwear
28120,Innerwear
30928,Bottomwear
9927,Topwear
31032,Bottomwear
46352,Topwear
8459,Topwear
13706,Topwear
43076,Bottomwear
12629,Topwear
54800,Bottomwear
30122,Topwear
46390,Bottomwear
40067,Topwear
4858,Topwear
35034,Bottomwear
7427,Topwear
14727,Topwear
34112,Topwear
45981,Topwear
16413,Topwear
43047,Topwear
22070,Topwear
40636,Topwear
18925,Topwear
10374,Topwear
6757,Topwear
31636,Topwear
20112,Topwear
9344,Topwear
42559,Topwear
19635,Topwear
22810,Topwear
5545,Topwear
22642,Topwear
57423,Topwear
35265,Topwear
15206,Topwear
54609,Innerwear
10579,Topwear
4038,Topwear
17936,Topwear
30728,Topwear
14786,Topwear
34381,Topwear
58006,Topwear
24910,Topwear
53842,Topwear
12644,Topwear
49984,Innerwear
15005,Topwear
13762,Topwear
14547,Topwear
58491,Bottomwear
8402,Topwear
1977,Bottomwear
59725,Innerwear
4895,Topwear
3075,Topwear
32217,Topwear
7277,Topwear
8469,Topwear
24944,Topwear
27997,Innerwear
3429,Topwear
12287,Bottomwear
46391,Topwear
59977,Dress
18749,Topwear
40630,Topwear
24388,Topwear
31468,Bottomwear
41975,Bottomwear
4408,Topwear
36216,Bottomwear
3282,Topwear
42397,Topwear
3276,Topwear
11296,Topwear
24149,Topwear
19661,Topwear
31696,Topwear
19834,Topwear
2165,Topwear
31450,Topwear
5998,Topwear
50683,Innerwear
33587,Topwear
38953,Topwear
30302,Topwear
45735,Topwear
8442,Topwear
14960,Topwear
27510,Innerwear
11072,Topwear
27948,Innerwear
41154,Bottomwear
29826,Topwear
50019,Bottomwear
3865,Topwear
27983,Innerwear
13713,Topwear
47053,Topwear
28763,Topwear
2975,Topwear
41961,Bottomwear
47266,Innerwear
24506,Topwear
37111,Bottomwear
3601,Topwear
32235,Topwear
14531,Topwear
7631,Bottomwear
9599,Topwear
36498,Topwear
11088,Topwear
24539,Topwear
44870,Bottomwear
39424,Topwear
34935,Topwear
4817,Topwear
30951,Topwear
19621,Topwear
19077,Topwear
8420,Topwear
6929,Topwear
35044,Topwear
16000,Topwear
58672,Topwear
3699,Topwear
18700,Innerwear
39810,Bottomwear
14106,Topwear
2310,Topwear
17545,Topwear
15020,Topwear
44682,Dress
12668,Topwear
15029,Topwear
32439,Topwear
9153,Topwear
51359,Bottomwear
44224,Topwear
41756,Topwear
13771,Topwear
19079,Topwear
22204,Topwear
57091,Bottomwear
11684,Topwear
12233,Topwear
9968,Topwear
51508,Bottomwear
33940,Topwear
54613,Innerwear
32401,Topwear
5560,Topwear
2577,Innerwear
19842,Topwear
13527,Topwear
28930,Topwear
27978,Innerwear
32462,Topwear
41967,Topwear
50029,Innerwear
5964,Topwear
23977,Topwear
36499,Topwear
24538,Topwear
42518,Topwear
30904,Topwear
9759,Topwear
50481,Innerwear
50011,Innerwear
50475,Innerwear
8472,Topwear
51333,Topwear
15615,Topwear
18936,Topwear
33747,Topwear
27982,Innerwear
19013,Topwear
52119,Topwear
28566,Topwear
33572,Topwear
41152,Bottomwear
50676,Innerwear
34333,Topwear
31473,Bottomwear
37784,Topwear
50682,Innerwear
23142,Topwear
24367,Topwear
20368,Topwear
12850,Topwear
34358,Topwear
57894,Bottomwear
59132,Topwear
29245,Topwear
2320,Topwear
34393,Topwear
1569,Bottomwear
32438,Topwear
18737,Topwear
57090,Bottomwear
30734,Topwear
22037,Topwear
57099,Bottomwear
59103,Topwear
43499,Topwear
4811,Topwear
24933,Topwear
1938,Topwear
39449,Topwear
8419,Topwear
27913,Bottomwear
48412,Topwear
51369,Bottomwear
13741,Topwear
6584,Topwear
1567,Bottomwear
4829,Bottomwear
23312,Topwear
17869,Innerwear
20081,Innerwear
30213,Topwear
28816,Bottomwear
44702,Topwear
30822,Bottomwear
22379,Topwear
39167,Topwear
22341,Topwear
34224,Topwear
34016,Topwear
2607,Topwear
33491,Topwear
25967,Topwear
9640,Topwear
39169,Topwear
56692,Topwear
22383,Topwear
53126,Topwear
11393,Topwear
58505,Dress
22348,Topwear
13857,Topwear
27098,Topwear
32912,Topwear
5083,Topwear
13605,Topwear
54599,Topwear
2837,Topwear
10444,Topwear
10676,Topwear
30615,Topwear
50536,Innerwear
36724,Topwear
28874,Topwear
11750,Topwear
4901,Topwear
51428,Topwear
15767,Innerwear
42656,Topwear
10443,Topwear
48391,Bottomwear
9270,Topwear
57983,Topwear
2237,Topwear
17496,Topwear
34614,Innerwear
6207,Topwear
37633,Topwear
29709,Topwear
30624,Topwear
21904,Topwear
29167,Dress
8351,Topwear
25795,Bottomwear
54702,Topwear
3786,Topwear
50356,Topwear
7928,Topwear
40395,Topwear
15197,Topwear
16520,Bottomwear
15351,Bottomwear
10075,Topwear
6607,Topwear
27856,Topwear
46895,Bottomwear
34445,Topwear
2254,Topwear
2865,Topwear
27851,Topwear
33490,Topwear
21155,Topwear
6252,Topwear
23054,Topwear
54334,Bottomwear
4195,Topwear
16511,Bottomwear
13251,Bottomwear
2606,Topwear
31101,Topwear
57922,Bottomwear
13867,Topwear
12941,Topwear
51028,Innerwear
9474,Topwear
19151,Topwear
39132,Bottomwear
19999,Topwear
3926,Topwear
16314,Topwear
7571,Topwear
11303,Bottomwear
3919,Bottomwear
23235,Topwear
7911,Topwear
8357,Topwear
2209,Topwear
44905,Bottomwear
27202,Topwear
20027,Topwear
57175,Topwear
30846,Topwear
3789,Topwear
4331,Topwear
15766,Topwear
14016,Topwear
28618,Topwear
19731,Topwear
28620,Topwear
9624,Topwear
40138,Topwear
2207,Topwear
32385,Topwear
5210,Topwear
4752,Topwear
18628,Topwear
57382,Innerwear
15761,Innerwear
38479,Topwear
42234,Topwear
