Airlines,image_id
UR Airlines,0a1a44a0147b93d93a8dcbda6d1519f2.jpg
Safarilink,000b78b1c954cb1a2c4a58fb578e4feb.jpg
Turkmenistan Airlines,0b8133283ccdd397b56b2b692e6bb7b1.jpg
Trigana Air,0ac83693b42f451f27c992a887c38887.jpg
Air Greenland,00b5283f19a8a7e0c94fbb6c28c09c96.jpg
Air Dolomiti,0e428fd848ba49bf388935fdcafe1b5c.png
Safarilink,nqr1pjql5qs3dp8rz2a4zzq7rn0xyp6k.png
CM Airlines,0a1a44a0147b93d93a8dcbda6d1519f2.jpg
British Airways,cwncgabxti09zmf36t4phvaz1xzv10wu.png
Safarilink,0a1a44a0147b93d93a8dcbda6d1519f2.jpg
Safarilink,0ae6e4d3f3e358340134d34f4988f9cc.jpg
CM Airlines,antbx4oxst0z5o6pe2g1thrjr0dz073j.png
Grand China Air,0cdbe38cdf213b9f46182f98230aa5f7.jpg
SriLankan Airlines,0ac83693b42f451f27c992a887c38887.jpg
9 Air,0ac83693b42f451f27c992a887c38887.jpg
Turkmenistan Airlines,1sz0kf8wcmj0q8n3pu6mg61gl158vvz1.png
Avior Airlines,0ac83693b42f451f27c992a887c38887.jpg
Volaris,0c1cec5ca5a6fb780a9cfa24d99132b1.jpg
Southern Airways Express,00bf7c082b16e464e366675e8e5d1f52.jpg
CM Airlines,cwncgabxti09zmf36t4phvaz1xzv10wu.png
Taban Air,0ac83693b42f451f27c992a887c38887.jpg
Turkmenistan Airlines,6zpijbg5jv4jftpftpmla6xbizne28d9.png
FlyLili,0a1a44a0147b93d93a8dcbda6d1519f2.jpg
FitsAir,0ac83693b42f451f27c992a887c38887.jpg
Safarilink,0a40a4327b631b02ea9a5d8bad0cbd71.jpg
Southern Airways Express,0b8133283ccdd397b56b2b692e6bb7b1.jpg
Ethiopian Airlines,0ad714fcbee3683428d79fb0a55e944c.jpg
SriLankan Airlines,0a56c25d5e75acc61ab878ab764228b8.jpg
9 Air,0a56c25d5e75acc61ab878ab764228b8.jpg
Uni Air,0ac83693b42f451f27c992a887c38887.jpg
Sunday Airlines,0dde99d6fe200f8bb63a52f8ab6e55f9.png
Ethiopian Airlines,0a2c3d9697a848dec1f0fc055990d657.jpg
Turkmenistan Airlines,nqr1pjql5qs3dp8rz2a4zzq7rn0xyp6k.png
Red Sea Airlines,0a40a4327b631b02ea9a5d8bad0cbd71.jpg
Kalstar Aviation,0df0bf68cf5dbe09885d2a2771bd9baf.jpg
Kalstar Aviation,0ac83693b42f451f27c992a887c38887.jpg
Southern Airways Express,cwncgabxti09zmf36t4phvaz1xzv10wu.png
Avianca Express,0b94ab1e7b50729b234c7e42fe1bf671.jpg
Star Air,0bf44cd47c202f590ef58e012c52117e.jpg
Hokkaido Air System,0bf44cd47c202f590ef58e012c52117e.jpg
Tigerair Taiwan,0cdbe38cdf213b9f46182f98230aa5f7.jpg
Star Air,0c1cec5ca5a6fb780a9cfa24d99132b1.jpg
Air Greenland,0ac83693b42f451f27c992a887c38887.jpg
Wingo,0b01a323cf0e7430ce16cecf893aad27.jpg
Southern Airways Express,6zpijbg5jv4jftpftpmla6xbizne28d9.png
SriLankan Airlines,00bf7c082b16e464e366675e8e5d1f52.jpg
Toki Air,0cfaa3d5a46a430485706f811b3d2f55.png
Uni Air,1sz0kf8wcmj0q8n3pu6mg61gl158vvz1.png
Turkmenistan Airlines,cwncgabxti09zmf36t4phvaz1xzv10wu.png
Air India,0a40a4327b631b02ea9a5d8bad0cbd71.jpg
Airfast Indonesia,nqr1pjql5qs3dp8rz2a4zzq7rn0xyp6k.png
Porter Airlines,0e428fd848ba49bf388935fdcafe1b5c.png
Turkmenistan Airlines,0a40a4327b631b02ea9a5d8bad0cbd71.jpg
Ethiopian Airlines,0de464e32eb23b30ab3f467348c496fd.jpg
Northsky Air,0a1a44a0147b93d93a8dcbda6d1519f2.jpg
Southern Airways Express,nqr1pjql5qs3dp8rz2a4zzq7rn0xyp6k.png
Flydubai,0e428fd848ba49bf388935fdcafe1b5c.png
Sunrise Airways,0dde99d6fe200f8bb63a52f8ab6e55f9.png
Wings Air,0ac83693b42f451f27c992a887c38887.jpg
Southern Airways Express,0a1a44a0147b93d93a8dcbda6d1519f2.jpg
Gol Linhas AÃ©reas,0e428fd848ba49bf388935fdcafe1b5c.png
Ethiopian Airlines,0cfaa3d5a46a430485706f811b3d2f55.png
Flyadeal,0a56c25d5e75acc61ab878ab764228b8.jpg
Afriqiyah Airways,0ac83693b42f451f27c992a887c38887.jpg
9 Air,1sz0kf8wcmj0q8n3pu6mg61gl158vvz1.png
9 Air,cwncgabxti09zmf36t4phvaz1xzv10wu.png
Safarilink,0e428fd848ba49bf388935fdcafe1b5c.png
Southern Airways Express,antbx4oxst0z5o6pe2g1thrjr0dz073j.png
Safarilink,00e5bf0ce82a749aa491974fc3dff419.png
Air Do,0ac83693b42f451f27c992a887c38887.jpg
Bangkok Airways,0ac83693b42f451f27c992a887c38887.jpg
Viva,0c1cec5ca5a6fb780a9cfa24d99132b1.jpg
9 Air,6zpijbg5jv4jftpftpmla6xbizne28d9.png
Air Greenland,0e428fd848ba49bf388935fdcafe1b5c.png
Northsky Air,0a40a4327b631b02ea9a5d8bad0cbd71.jpg
Nok Air,0cdbe38cdf213b9f46182f98230aa5f7.jpg
Kalstar Aviation,00e5bf0ce82a749aa491974fc3dff419.png
Edelweiss Air,6zpijbg5jv4jftpftpmla6xbizne28d9.png
Air Vanuatu,0a56c25d5e75acc61ab878ab764228b8.jpg
Gulf Air,0df0bf68cf5dbe09885d2a2771bd9baf.jpg
Turkmenistan Airlines,antbx4oxst0z5o6pe2g1thrjr0dz073j.png
Qatar Airways,0ae6e4d3f3e358340134d34f4988f9cc.jpg
Egyptair,0a1a44a0147b93d93a8dcbda6d1519f2.jpg
Singapore Airlines,0a40a4327b631b02ea9a5d8bad0cbd71.jpg
BeOnd,0cfaa3d5a46a430485706f811b3d2f55.png
BeOnd,0d5b079fe9cca68ac73b3c8d3ed11d96.jpg
Safarilink,0d5c488e1e6194c44e389daa569fe625.jpg
FitsAir,0cfaa3d5a46a430485706f811b3d2f55.png
Clic,0a56c25d5e75acc61ab878ab764228b8.jpg
Virgin Atlantic,antbx4oxst0z5o6pe2g1thrjr0dz073j.png
9 Air,nqr1pjql5qs3dp8rz2a4zzq7rn0xyp6k.png
Uni Air,cwncgabxti09zmf36t4phvaz1xzv10wu.png
Flydubai,0ad714fcbee3683428d79fb0a55e944c.jpg
Air Panama,0ac83693b42f451f27c992a887c38887.jpg
TransNusa,0a1a44a0147b93d93a8dcbda6d1519f2.jpg
Volaris,0e428fd848ba49bf388935fdcafe1b5c.png
SriLankan Airlines,0a7e6c79c1c964109630f91712e56f9d.png
9 Air,0a1a44a0147b93d93a8dcbda6d1519f2.jpg
9 Air,0ae6e4d3f3e358340134d34f4988f9cc.jpg
Air Greenland,1sz0kf8wcmj0q8n3pu6mg61gl158vvz1.png
Uni Air,6zpijbg5jv4jftpftpmla6xbizne28d9.png
Uni Air,0cfaa3d5a46a430485706f811b3d2f55.png
BeOnd,nqr1pjql5qs3dp8rz2a4zzq7rn0xyp6k.png
IndiGo,0e428fd848ba49bf388935fdcafe1b5c.png
9 Air,antbx4oxst0z5o6pe2g1thrjr0dz073j.png
Afriqiyah Airways,0e428fd848ba49bf388935fdcafe1b5c.png
RUTACA Airlines,0ad714fcbee3683428d79fb0a55e944c.jpg
Turkmenistan Airlines,00e5bf0ce82a749aa491974fc3dff419.png
Trigana Air,0a40a4327b631b02ea9a5d8bad0cbd71.jpg
BeOnd,0a1a44a0147b93d93a8dcbda6d1519f2.jpg
Air Greenland,6zpijbg5jv4jftpftpmla6xbizne28d9.png
Air Greenland,0cfaa3d5a46a430485706f811b3d2f55.png
Safarilink,0a2c3d9697a848dec1f0fc055990d657.jpg
9 Air,0de464e32eb23b30ab3f467348c496fd.jpg
Discover Airlines,nqr1pjql5qs3dp8rz2a4zzq7rn0xyp6k.png
Fuzhou Airlines,0a40a4327b631b02ea9a5d8bad0cbd71.jpg
Uni Air,nqr1pjql5qs3dp8rz2a4zzq7rn0xyp6k.png
SriLankan Airlines,0a40a4327b631b02ea9a5d8bad0cbd71.jpg
9 Air,0a40a4327b631b02ea9a5d8bad0cbd71.jpg
Cinnamon Air,0ac83693b42f451f27c992a887c38887.jpg
Turkmenistan Airlines,0d5c488e1e6194c44e389daa569fe625.jpg
SVG Air,0a1a44a0147b93d93a8dcbda6d1519f2.jpg
Red Sea Airlines,0e58a4946998b3f9b8c03e276a785918.jpg
Flyadeal,0a259908f0d108cd11a98a884a10b33c.jpg
Air Greenland,nqr1pjql5qs3dp8rz2a4zzq7rn0xyp6k.png
Safarilink,0b8133283ccdd397b56b2b692e6bb7b1.jpg
Uni Air,antbx4oxst0z5o6pe2g1thrjr0dz073j.png
Air Vanuatu,0c1cec5ca5a6fb780a9cfa24d99132b1.jpg
Delta Connection,1sz0kf8wcmj0q8n3pu6mg61gl158vvz1.png
InterCaribbean Airways,0ac83693b42f451f27c992a887c38887.jpg
Southern Airways Express,0b55a6890b442fc0b470e89ebd9e007b.jpg
Fly Cham,0ac83693b42f451f27c992a887c38887.jpg
UR Airlines,0a56c25d5e75acc61ab878ab764228b8.jpg
Flydubai,0a40a4327b631b02ea9a5d8bad0cbd71.jpg
CM Airlines,1sz0kf8wcmj0q8n3pu6mg61gl158vvz1.png
Flyadeal,0a1a44a0147b93d93a8dcbda6d1519f2.jpg
Flyadeal,0ae6e4d3f3e358340134d34f4988f9cc.jpg
Air Greenland,antbx4oxst0z5o6pe2g1thrjr0dz073j.png
Donghai Airlines,0a1a44a0147b93d93a8dcbda6d1519f2.jpg
Singapore Airlines,0ac83693b42f451f27c992a887c38887.jpg
Donghai Airlines,0a7e6c79c1c964109630f91712e56f9d.png
Flyadeal,0a02b6a8504630262223d21f801161b9.png
StarFlyer,0bf44cd47c202f590ef58e012c52117e.jpg
Wingo,0dba6052f5d68b293b0845e98739efdd.jpg
CM Airlines,6zpijbg5jv4jftpftpmla6xbizne28d9.png
Peach Aviation,0cfaa3d5a46a430485706f811b3d2f55.png
Uni Air,0a40a4327b631b02ea9a5d8bad0cbd71.jpg
Avelo Airlines,0ac83693b42f451f27c992a887c38887.jpg
AirSial,nqr1pjql5qs3dp8rz2a4zzq7rn0xyp6k.png
Air Greenland,0de464e32eb23b30ab3f467348c496fd.jpg
Flyadeal,0be99201122a0c8a5038aeb94d46d2e0.jpg
Air Greenland,cwncgabxti09zmf36t4phvaz1xzv10wu.png
Turkmenistan Airlines,0a2c3d9697a848dec1f0fc055990d657.jpg
Sepehran Airlines,0bc2d39861a25d74b8b734246304726d.jpg
Southern Airways Express,0d5c488e1e6194c44e389daa569fe625.jpg
Air Vanuatu,0a1a44a0147b93d93a8dcbda6d1519f2.jpg
Japan Transocean Air,0ac83693b42f451f27c992a887c38887.jpg
9 Air,00c48ead0159eed24b04c95f296500c0.jpg
Ethiopian Airlines,0b55a6890b442fc0b470e89ebd9e007b.jpg
Delta Air Lines,1sz0kf8wcmj0q8n3pu6mg61gl158vvz1.png
Southern Airways Express,1sz0kf8wcmj0q8n3pu6mg61gl158vvz1.png
Donghai Airlines,0a40a4327b631b02ea9a5d8bad0cbd71.jpg
CM Airlines,nqr1pjql5qs3dp8rz2a4zzq7rn0xyp6k.png
